{
  "ratios": {
      "H": 1.0,
      "He": 0.08,
      "Li": 0.003,
      "Be": 0.0002,
      "B": 0.0006,
      "C": 0.001,
      "N": 0.001,
      "O": 0.01,
      "F": 0.0004,
      "Ne": 0.001,
      "Na": 0.002,
      "Mg": 0.001,
      "Al": 0.001,
      "Si": 0.001,
      "P": 0.0001,
      "S": 0.001,
      "Cl": 0.0003,
      "Ar": 0.0006,
      "K": 0.0001,
      "Ca": 0.001,
      "Sc": 0.00001,
      "Ti": 0.0001,
      "V": 0.00001,
      "Cr": 0.0002,
      "Mn": 0.00002,
      "Fe": 0.004,
      "Co": 0.00003,
      "Ni": 0.0004,
      "Cu": 0.0001,
      "Zn": 0.0001,
      "Ga": 0.00001,
      "Ge": 0.00001,
      "As": 0.00001,
      "Se": 0.00002,
      "Br": 0.00003,
      "Kr": 0.00001,
      "Rb": 0.00001,
      "Sr": 0.00003,
      "Y": 0.000001,
      "Zr": 0.00001,
      "Nb": 0.000001,
      "Mo": 0.000001,
      "Tc": 0.000001,
      "Ru": 0.000001,
      "Rh": 0.000001,
      "Pd": 0.00001,
      "Ag": 0.00001,
      "Cd": 0.000001,
      "In": 0.000001,
      "Sn": 0.00001,
      "Sb": 0.000001,
      "Te": 0.000001,
      "I": 0.000001,
      "Xe": 0.000001,
      "Cs": 0.000001,
      "Ba": 0.00001,
      "La": 0.000001,
      "Ce": 0.00001,
      "Pr": 0.000001,
      "Nd": 0.00001,
      "Pm": 0.000001,
      "Sm": 0.000001,
      "Eu": 0.000001,
      "Gd": 0.000001,
      "Tb": 0.000001,
      "Dy": 0.000001,
      "Ho": 0.000001,
      "Er": 0.000001,
      "Tm": 0.000001,
      "Yb": 0.000001,
      "Lu": 0.000001,
      "Hf": 0.000001,
      "Ta": 0.000001,
      "W": 0.000001,
      "Re": 0.000001,
      "Os": 0.000001,
      "Ir": 0.000001,
      "Pt": 0.00001,
      "Au": 0.000001,
      "Hg": 0.000001,
      "Tl": 0.000001,
      "Pb": 0.000001,
      "Bi": 0.000001,
      "Po": 0.000001,
      "At": 0.000001,
      "Rn": 0.000001,
      "Fr": 0.000001,
      "Ra": 0.000001,
      "Ac": 0.000001,
      "Th": 0.00001,
      "Pa": 0.000001,
      "U": 0.00001,
      "Np": 0.000001,
      "Pu": 0.000001,
      "Am": 0.000001,
      "Cm": 0.000001,
      "Bk": 0.000001,
      "Cf": 0.000001,
      "Es": 0.000001,
      "Fm": 0.000001,
      "Md": 0.000001,
      "No": 0.000001,
      "Lr": 0.000001,
      "Rf": 0.000001,
      "Db": 0.000001,
      "Sg": 0.000001,
      "Bh": 0.000001,
      "Hs": 0.000001,
      "Mt": 0.000001,
      "Ds": 0.000001,
      "Rg": 0.000001,
      "Cn": 0.000001,
      "Nh": 0.000001,
      "Fl": 0.000001,
      "Mc": 0.000001,
      "Lv": 0.000001,
      "Ts": 0.000001,
      "Og": 0.000001
  }
}
